Fecha;Brent;Demanda Queroseno Aviación;Tipo cambio $/€;Tipo interés;Tipo interés real;IPC;IPI;IPI corregidos de efecto calendario;IPRI;nº días festivos;Movimiento Turístico España;Movimiento pasajeros comerciales en aeropuertos España;Movimiento aeronaves comerciales aeropuertos España
ene-99;11,11;295.773;1,1608;3,062;1,562;1,5;94,407;95,239;0,8;12;;;
feb-99;10,27;276.481;1,1208;3,03;1,23;1,8;82,827;82,806;1;8;;;
mar-99;12,51;309.682;1,0883;3,046;0,846;2,2;84,692;84,635;8,5;9;;;
abr-99;15,29;313.075;1,0704;2,756;0,356;2,4;84,692;84,153;-7,1;10;;;
may-99;15,23;333.938;1,0628;2,683;0,483;2,2;85,477;85,958;5,7;12;;;
jun-99;15,86;350.859;1,0378;2,836;0,636;2,2;84,594;84,833;3,8;8;;;
jul-99;19,08;386.550;1,0353;3,03;0,83;2,2;92,445;91,582;1,8;9;;;
ago-99;20,22;388.457;1,0604;3,237;0,837;2,4;88,028;88,081;-36,8;10;;;
sep-99;22,54;370.432;1,0501;3,301;0,801;2,5;85,673;85,35;54,1;8;;;
oct-99;22;373.127;1,0706;3,684;1,184;2,5;81,944;82,779;-1,2;11;;;
nov-99;24,58;319.222;1,0338;3,689;0,989;2,7;84,888;84,313;4,1;10;;;
dic-99;25,47;354.304;1,011;3,826;0,926;2,9;92,543;92,52;-8,1;11;;;
ene-00;25,51;307.642;1,0137;3,949;1,049;2,9;89,5;89,981;0,4;12;1.981.949;;
feb-00;27,78;288.221;0,9834;4,111;1,111;3;92,445;91,917;5,6;8;2.260.826;;
mar-00;27,49;328.083;0,9643;4,267;1,367;2,9;83,612;82,609;8,8;8;3.012.281;;
abr-00;22,76;345.078;0,947;4,365;1,365;3;82,14;83,656;-15,8;12;4.206.767;;
may-00;27,74;371.128;0,906;4,849;1,749;3,1;84,986;85,175;16;11;4.095.338;;
jun-00;29,8;376.035;0,9492;4,965;1,565;3,4;82,336;81,552;-0,3;8;4.637.337;;
jul-00;28,68;412.122;0,9397;5,105;1,505;3,6;84,005;84,486;-3,2;10;6.351.156;;
ago-00;30,2;411.119;0,9041;5,248;1,648;3,6;90,482;89,653;-32,3;9;5.762.420;;
sep-00;33,14;428.617;0,8721;5,219;1,519;3,7;84,495;84,701;43,8;9;5.036.948;;
oct-00;30,96;396.461;0,8552;5,218;1,218;4;88,715;88,768;1,4;10;4.142.325;;
nov-00;32,55;333.845;0,8564;5,193;1,093;4,1;91,758;91,433;5,2;10;2.494.391;;
dic-00;25,66;338.543;0,8973;4,881;0,881;4;92,445;93,277;-15,7;13;2.421.190;;
ene-01;25,62;343.895;0,9383;4,574;0,874;3,7;87,341;87,53;10,5;10;2.201.838;;
feb-01;27,5;319.594;0,9217;4,591;0,791;3,8;77,037;77,018;-2,6;8;2.411.357;;
mar-01;24,5;353.077;0,9095;4,471;0,571;3,9;84,888;83,044;8,6;9;3.104.861;;
abr-01;25,66;359.116;0,892;4,481;0,481;4;83,416;84,957;-12,9;11;4.230.508;;
may-01;28,31;382.555;0,8742;4,52;0,32;4,2;85,575;84,748;15,3;11;4.375.083;;
jun-01;27,85;385.204;0,8532;4,312;0,112;4,2;80,177;80,384;-1,8;9;4.948.190;;
jul-01;24,61;407.089;0,8607;4,311;0,411;3,9;85,281;85,334;-1,2;9;6.635.181;;
ago-01;25,68;424.377;0,9005;4,108;0,408;3,7;86,654;86,634;-29,9;9;6.491.773;;
sep-01;25,62;399.808;0,9111;3,77;0,37;3,4;83,71;84,242;35,3;10;5.139.723;;
oct-01;20,54;374.933;0,9059;3,369;0,369;3;89,991;90,179;7,6;9;4.023.913;;
nov-01;18,8;332.658;0,8883;3,198;0,498;2,7;82,533;81,748;-2,8;10;2.465.390;;
dic-01;18,71;328.558;0,8924;3,298;0,598;2,7;86,36;86,841;-15,3;13;2.537.527;;
ene-02;19,42;294.570;0,8833;3,483;0,383;3,1;85,182;84,355;13;10;2.178.691;;
feb-02;20,28;292.652;0,87;3,594;0,494;3,1;75,663;75,644;-1,7;8;2.599.398;;
mar-02;23,7;319.640;0,8758;3,816;0,716;3,1;82,533;84,105;-1,9;13;3.671.074;;
abr-02;25,73;329.579;0,8858;3,86;0,26;3,6;83,809;82,496;8,5;8;3.655.817;;
may-02;25,35;353.173;0,917;3,963;0,363;3,6;84,79;84,77;1,6;11;4.482.919;;
jun-02;24,08;385.249;0,9554;3,869;0,469;3,4;90,286;90,816;-5,1;10;5.021.743;;
jul-02;25,74;389.843;0,9922;3,645;0,245;3,4;87,538;87,726;8,1;8;6.694.014;;
ago-02;26,65;419.653;0,9778;3,44;-0,16;3,6;88,127;87,265;-35,1;10;7.344.750;;
sep-02;28,4;385.893;0,9808;3,236;-0,264;3,5;80,766;81,325;44,4;9;5.058.634;;
oct-02;27,54;364.328;0,9811;3,126;-0,874;4;88,715;87,887;10,5;9;4.328.167;;
nov-02;24,34;268.287;1,0014;3,017;-0,883;3,9;85,084;85,289;-7,1;11;2.673.690;;
dic-02;28,33;361.968;1,0183;2,873;-1,127;4;98,725;98,775;-13;11;2.621.728;;
ene-03;31,18;327.455;1,0622;2,705;-0,995;3,7;89,697;89,675;9,2;8;2.393.246;;
feb-03;32,77;308.149;1,0773;2,504;-1,296;3,8;71,443;71,425;0,5;8;2.679.125;;
mar-03;30,61;351.198;1,0807;2,411;-1,289;3,7;90,678;90,175;5,6;10;3.302.468;;
abr-03;25;325.285;1,0848;2,447;-0,653;3,1;91,954;93,175;-5,8;8;4.207.964;;
may-03;25,86;375.034;1,1582;2,252;-0,448;2,7;99,51;98,646;5,1;9;4.716.094;;
jun-03;27,65;364.063;1,1663;2,014;-0,686;2,7;87,93;88,487;0,4;9;5.056.196;;
jul-03;28,35;395.212;1,1372;2,076;-0,724;2,8;101,571;100,74;5,7;8;6.847.249;;
ago-03;29,89;432.641;1,1139;2,279;-0,721;3;94,015;94,846;-37,4;10;6.917.438;;
sep-03;27,11;410.998;1,1222;2,258;-0,642;2,9;82,925;82,35;50,1;8;4.994.252;;
oct-03;29,61;392.863;1,1692;2,303;-0,297;2,6;92,248;92,226;8,8;8;4.351.947;;
nov-03;28,75;343.418;1,1702;2,41;-0,39;2,8;85,673;86,204;-6,8;10;2.658.574;;
dic-03;29,81;359.715;1,2286;2,381;-0,219;2,6;92,346;92,534;-10,3;8;2.729.262;;
ene-04;31,28;358.713;1,2613;2,216;-0,084;2,3;94,996;94,133;1,7;11;2.554.887;;
feb-04;30,86;326.843;1,2646;2,163;0,063;2,1;89,108;89,714;5,6;9;2.948.888;;
mar-04;33,63;377.591;1,2262;2,055;-0,045;2,1;99,608;98,81;11,2;9;3.279.133;;
abr-04;33,59;389.630;1,1985;2,163;-0,537;2,7;92,837;93,034;-11,3;10;4.182.442;;
may-04;37,57;387.677;1,2007;2,297;-1,103;3,4;100,099;100,577;6,9;12;4.903.627;;
jun-04;35,18;413.757;1,2138;2,404;-1,096;3,5;93,426;93,663;3,5;8;4.855.562;;
jul-04;38,22;429.031;1,2266;2,361;-1,039;3,4;100,492;99,627;0;9;6.915.294;;
ago-04;42,74;496.512;1,2176;2,302;-0,998;3,3;101,081;101,13;-33,9;11;6.844.849;;
sep-04;43,2;454.376;1,2218;2,377;-0,823;3,2;91,071;90,746;47,8;8;5.301.203;;
oct-04;49,78;423.288;1,249;2,316;-1,284;3,6;89,991;90,824;-2,8;11;4.710.414;;
nov-04;43,11;387.744;1,2991;2,328;-1,172;3,5;94,898;94,32;4,8;10;2.871.639;;
dic-04;39,6;423.158;1,3408;2,301;-0,899;3,2;99,412;99,388;-13,1;11;3.061.894;;
ene-05;44,51;393.389;1,3119;2,312;-0,788;3,1;102,258;102,735;1,2;10;2.712.863;;
feb-05;45,48;354.028;1,3014;2,31;-0,99;3,3;84,005;83,984;3,6;8;2.955.391;;
mar-05;53,1;413.213;1,3201;2,335;-1,065;3,4;93,131;93,286;5;8;3.835.168;;
abr-05;51,88;427.147;1,2938;2,265;-1,235;3,5;93,917;93,136;1,9;9;4.155.338;;
may-05;48,65;428.285;1,2694;2,193;-0,907;3,1;99,805;99,854;-0,1;9;5.170.770;;
jun-05;54,35;437.197;1,2165;2,103;-0,997;3,1;92,739;92,414;3,1;8;5.262.955;;
jul-05;57,52;493.931;1,2037;2,168;-1,132;3,3;101,866;102,695;-3,3;10;7.495.663;;
ago-05;63,98;492.609;1,2292;2,223;-1,077;3,3;99,314;99,5;-28,8;8;7.318.761;;
sep-05;62,91;470.105;1,2256;2,219;-1,481;3,7;103,141;102,352;42,4;8;5.788.786;;
oct-05;58,54;437.039;1,2015;2,414;-1,086;3,5;105,104;105,581;-3;10;4.918.458;;
nov-05;55,24;400.850;1,1786;2,684;-0,716;3,4;100,295;100,531;5,9;8;3.119.567;;
dic-05;56,86;432.434;1,1856;2,783;-0,917;3,7;101,866;101;-12,7;9;3.180.058;;
ene-06;62,99;384.038;1,2103;2,833;-1,367;4,2;106,576;106,624;6,9;11;2.729.475;;
feb-06;60,21;379.265;1,1938;2,914;-1,086;4;93,131;93,108;0,6;8;3.032.159;;
mar-06;62,06;420.122;1,202;3,105;-0,795;3,9;107,754;106,744;13,4;9;3.830.261;;
abr-06;70,26;409.508;1,2271;3,221;-0,679;3,9;96,468;97,98;-17,9;12;4.900.226;;
may-06;69,78;450.759;1,277;3,308;-0,692;4;101,767;101,952;17,6;10;5.527.699;;
jun-06;68,56;465.273;1,265;3,401;-0,499;3,9;100,688;99,899;1,3;8;5.527.126;;
jul-06;73,67;526.798;1,2684;3,539;-0,461;4;99,118;99,596;-4,4;10;7.563.719;;
ago-06;73,23;536.961;1,2811;3,615;-0,085;3,7;104,712;103,88;-29,2;9;7.428.402;;
sep-06;61,96;499.299;1,2727;3,715;0,815;2,9;97,548;97,75;39,1;9;6.006.950;;
oct-06;57,81;485.672;1,2611;3,799;1,299;2,5;99,02;99,07;2,8;10;5.067.722;;
nov-06;58,76;418.058;1,2881;3,864;1,264;2,6;92,837;92,512;2,8;9;3.162.697;;
dic-06;62,47;432.866;1,3213;3,921;1,221;2,7;100,001;100,831;-15;13;3.228.025;;
ene-07;53,68;368.208;1,2999;4,064;1,664;2,4;103,436;103,62;13;10;2.821.632;;
feb-07;57,56;376.650;1,3074;4,094;1,694;2,4;88,028;88,006;-2,8;8;3.160.312;;
mar-07;62,05;428.888;1,3242;4,106;1,606;2,5;98,038;96,191;11,2;9;4.068.344;;
abr-07;67,49;481.722;1,3516;4,253;1,853;2,4;100,786;102,323;-14,6;11;4.686.834;;
may-07;67,21;491.142;1,3511;4,373;2,073;2,3;108,735;107,902;15,7;10;5.395.227;;
jun-07;71,05;473.196;1,3419;4,505;2,105;2,4;94,015;94,218;-1,9;9;5.745.181;;
jul-07;76,93;581.367;1,3716;4,564;2,364;2,2;93,622;93,673;-0,3;9;7.633.521;;
ago-07;70,76;572.251;1,3622;4,666;2,466;2,2;105,399;105,373;-30,6;9;7.561.898;;
sep-07;77,17;515.775;1,3896;4,724;2,024;2,7;101,081;101,608;34,1;10;6.035.341;;
oct-07;82,34;511.211;1,4227;4,647;1,047;3,6;93,23;93,417;9,7;9;5.023.913;;
nov-07;92,41;414.925;1,4684;4,607;0,507;4,1;90,972;90,186;-3,1;9;3.304.307;;
dic-07;90,93;491.960;1,457;4,793;0,593;4,2;102,062;102,539;-14,1;13;3.228.994;;
ene-08;92,18;432.211;1,4718;4,498;0,198;4,3;105,399;104,566;11,8;10;2.879.846;;
feb-08;94,99;415.999;1,4748;4,349;-0,051;4,4;101,179;101,456;1,8;8;3.360.500;;
mar-08;103,64;470.542;1,5527;4,59;0,09;4,5;103,534;104,994;-9,3;12;4.333.369;;
abr-08;109,07;483.971;1,5751;4,82;0,62;4,2;103,926;103,177;12,9;8;4.583.335;;
may-08;122,8;503.393;1,5557;4,994;0,394;4,6;107,754;106,887;-5,4;11;5.649.384;;
jun-08;132,32;490.523;1,5553;5,361;0,361;5;98,725;99,279;-4,6;9;5.779.578;;
jul-08;132,72;511.518;1,577;5,393;0,093;5,3;102,258;101,427;9,8;9;7.066.558;;
ago-08;113,24;555.810;1,4975;5,323;0,423;4,9;101,964;102,794;-37,5;11;7.336.705;;
sep-08;97,23;513.181;1,4369;5,384;0,884;4,5;104,515;103,935;44,4;8;5.682.501;;
oct-08;71,58;452.881;1,3322;5,248;1,648;3,6;101,964;101,939;1,1;8;4.777.731;;
nov-08;52,45;370.821;1,2732;4,35;1,95;2,4;93,622;94,151;-9,9;11;2.927.417;;
dic-08;39,95;428.541;1,3449;3,452;2,052;1,4;101,375;101,56;-11,7;11;2.815.090;;
ene-09;43,44;335.088;1,3239;2,622;1,822;0,8;100,197;99,332;0,5;11;2.517.980;;
feb-09;43,32;367.648;1,2785;2,135;1,435;0,7;94,505;94,482;2,1;8;2.833.450;;
mar-09;46,54;398.374;1,305;1,909;2,009;-0,1;90,874;89,943;3,6;10;3.434.132;;
abr-09;50,18;401.334;1,319;1,771;1,971;-0,2;98,431;99,088;-6,6;10;4.511.701;;
may-09;57,3;428.605;1,365;1,644;2,544;-0,9;90,972;91,805;2,6;12;4.988.169;;
jun-09;68,61;446.494;1,4016;1,61;2,61;-1;86,164;85,588;5,3;9;5.203.390;;
jul-09;64,44;526.845;1,4088;1,412;2,812;-1,4;93,328;93,305;6,5;8;6.678.047;;
ago-09;72,51;497.356;1,4268;1,334;2,134;-0,8;87,243;87,724;-32,7;11;6.723.277;;
sep-09;67,65;458.993;1,4562;1,261;2,261;-1;90,58;90,818;40,9;8;5.133.169;;
oct-09;72,77;462.444;1,4816;1,243;1,943;-0,7;93,328;92,465;1;10;4.607.406;;
nov-09;76,66;394.603;1,4914;1,231;0,931;0,3;82,631;83,189;-0,8;9;2.837.367;;
dic-09;74,46;415.008;1,4614;1,242;0,442;0,8;90,187;89,359;-9,4;10;2.709.553;;
ene-10;76,17;354.695;1,4272;1,232;0,232;1;88,028;88,862;-3;12;2.542.841;;
feb-10;73,75;354.786;1,3686;1,225;0,425;0,8;73,406;73,388;5,3;8;2.723.363;;
mar-10;78,83;372.974;1,3569;1,215;-0,185;1,4;87,832;87,775;12,9;9;3.543.400;;
abr-10;84,82;395.344;1,3406;1,225;-0,275;1,5;87,145;86,606;-9,9;10;3.910.779;;
may-10;75,95;442.857;1,2565;1,249;-0,551;1,8;86,458;86,939;4,7;11;5.045.676;;
jun-10;74,76;489.474;1,2209;1,281;-0,219;1,5;98,431;98,667;3,4;9;5.289.108;;
jul-10;75,58;518.865;1,277;1,373;-0,527;1,9;107,067;106,2;0,8;9;6.981.417;;
ago-10;77,04;535.973;1,2894;1,421;-0,379;1,8;95,683;95,734;-28,8;9;6.985.291;;
sep-10;77,84;461.476;1,3067;1,42;-0,68;2,1;94,604;94,278;34,7;8;5.351.470;;
oct-10;82,67;475.493;1,3898;1,495;-0,805;2,3;94,113;94,945;-1,4;11;4.806.009;;
nov-10;85,28;409.194;1,3661;1,54;-0,76;2,3;95,094;94,516;6,4;9;2.911.187;;
dic-10;91,45;434.183;1,322;1,526;-1,474;3;99,805;99,781;-12,1;11;2.586.430;;
ene-11;96,52;387.102;1,336;1,55;-1,75;3,3;98,176;98,654;0,5;12;2.655.823;;
feb-11;103,72;378.101;1,3649;1,714;-1,886;3,6;86,732;86,711;3,7;8;2.784.271;;
mar-11;114,64;437.219;1,3999;1,924;-1,676;3,6;88,738;86,927;10,6;8;3.510.049;;
abr-11;123,26;474.831;1,4442;2,086;-1,714;3,8;93,816;95,002;-14,6;11;4.612.689;;
may-11;114,99;496.925;1,4349;2,147;-1,353;3,5;90,519;90,571;10;10;5.134.990;;
jun-11;113,83;510.289;1,4388;2,144;-1,056;3,2;89,13;88,806;1,1;9;5.734.891;;
jul-11;116,97;551.126;1,4264;2,183;-0,917;3,1;94,339;95,171;-0,9;11;7.385.628;;
ago-11;110,22;548.205;1,4343;2,097;-0,903;3;95,673;95,86;-23,4;9;7.489.515;;
sep-11;112,83;522.540;1,377;2,067;-1,033;3,1;89,612;88,826;29;8;5.934.029;;
oct-11;109,55;478.419;1,3706;2,11;-0,89;3;84,6;85,081;-5,1;11;5.257.086;;
nov-11;110,77;398.575;1,3556;2,044;-0,856;2,9;92,615;92,852;2,8;9;3.004.607;;
dic-11;107,87;412.305;1,3179;2,004;-0,396;2,4;95,056;94,193;-10,5;11;2.673.306;;
ene-12;110,69;373.879;1,2905;1,837;-0,163;2;95,947;95,998;4,3;10;2.811.021;11.678.846;118.957
feb-12;119,33;376.391;1,3224;1,678;-0,322;2;88,477;89,219;2,9;8;2.797.620;11.553.281;11.632
mar-12;125,45;366.034;1,3201;1,499;-0,401;1,9;91,426;89,58;2,7;10;3.592.387;14.130.906;129.596
abr-12;119,75;449.208;1,3162;1,368;-0,732;2,1;84,822;86,364;-12,3;11;4.495.693;16.034.503;138.391
may-12;110,34;462.593;1,2789;1,266;-0,634;1,9;88,533;87,705;13,5;10;5.385.212;17.121.823;149.600
jun-12;95,16;475.934;1,2526;1,219;-0,681;1,9;93,686;93,889;-1,6;9;5.996.190;19.100.485;156.501
jul-12;102,62;553.689;1,2288;1,061;-1,139;2,2;119,315;119,36;2,3;9;7.654.573;21.969.684;171.547
ago-12;113,36;517.365;1,24;0,877;-1,823;2,7;108,349;108,323;-22,7;9;7.749.332;22.054.962;169.989
sep-12;112,86;493.935;1,2856;0,74;-2,66;3,4;97,242;97,771;17,1;10;6.202.106;19.524.507;155.542
oct-12;111,71;483.667;1,2974;0,65;-2,85;3,5;99,792;99,978;7,8;9;5.123.303;16.911.017;142.562
nov-12;109,06;340.020;1,2828;0,588;-2,312;2,9;95,171;94,383;-4,6;9;3.020.767;11.742.508;107.252
dic-12;109,49;385.250;1,3119;0,549;-2,351;2,9;103,054;103,531;-12,8;13;2.636.291;11.326.324;104.461
ene-13;112,96;331.519;1,3288;0,575;-2,125;2,7;97,828;96,998;12;10;2.724.784;10.604.711;101.332
feb-13;116,05;312.692;1,3359;0,594;-2,206;2,8;90,931;90,908;-2,5;8;2.802.652;10.372.502;94.351
mar-13;108,47;386.540;1,2964;0,545;-1,855;2,4;94,322;95,891;0,8;13;3.873.907;13.321.089;113.792
abr-13;102,25;419.878;1,3026;0,528;-0,872;1,4;101,808;100,491;4;8;4.646.791;14.785.166;127.273
may-13;102,56;435.988;1,2982;0,484;-1,216;1,7;102,039;102,014;3,7;11;5.766.897;16.811.483;140.481
jun-13;102,92;469.327;1,3189;0,507;-1,593;2,1;96,937;97,465;-3,3;10;6.299.188;18.482.650;145.919
jul-13;107,93;522.846;1,308;0,525;-1,275;1,8;105,556;105,74;8,3;8;7.836.182;20.976.547;162.234
ago-13;111,28;523.413;1,331;0,542;-0,958;1,5;98,685;97,82;-26,7;10;8.335.569;21.478.431;161.992
sep-13;111,6;469.211;1,3348;0,543;0,243;0,3;95,508;96,063;26,9;9;6.497.953;18.974.752;146.052
oct-13;109,08;444.141;1,3635;0,541;0,641;-0,1;94,573;93,744;5,3;8;5.466.491;16.816.594;136.893
nov-13;107,79;382.767;1,3493;0,506;0,306;0,2;83,488;83,693;-5,8;10;3.333.234;12.147.810;108.174
dic-13;110,76;431.395;1,3704;0,543;0,243;0,3;100,138;100,188;-9,1;11;3.091.842;11.663.959;105.261
ene-14;108,12;342.966;1,361;0,562;0,362;0,2;94,042;94,019;7,3;10;3.060.796;10.877.793;102.409
feb-14;108,9;321.239;1,3658;0,549;0,549;0;92,325;92,301;0,5;8;3.116.389;10.694.158;95.687
mar-14;107,48;382.626;1,3823;0,577;0,677;-0,1;101,184;100,678;6;10;3.896.455;13.368.761;113.572
abr-14;107,76;442.934;1,3812;0,604;0,204;0,4;99,93;101,149;-5,8;10;5.262.231;16.175.589;133.716
may-14;109,54;457.697;1,3732;0,592;0,392;0,2;101,739;100,874;6,6;12;6.090.622;17.467.353;145.652
jun-14;111,8;449.418;1,3592;0,513;0,413;0,1;100,523;101,076;-1,2;10;6.580.918;19.371.781;153.804
jul-14;106,77;562.489;1,3539;0,488;0,788;-0,3;101,765;100,934;6,5;8;8.264.111;21.828.265;169.810
ago-14;101,61;551.761;1,3316;0,469;0,969;-0,5;95,364;96,196;-29,3;11;9.080.826;22.848.179;170.696
sep-14;97,09;509.310;1,2901;0,362;0,562;-0,2;94,851;94,273;34,7;8;7.009.227;19.959.460;152.641
oct-14;87,43;489.091;1,2673;0,338;0,438;-0,1;96,231;96,208;2,5;8;5.891.156;17.668.788;141.099
nov-14;79,44;363.653;1,2472;0,335;0,735;-0,4;97,038;97,567;-6,9;11;3.424.912;12.532.880;108.670
dic-14;62,34;392.503;1,2331;0,329;1,329;-1;102,857;103,042;-5,9;10;3.261.302;12.185.190;106.630
ene-15;47,76;360.877;1,1621;0,298;1,598;-1,3;102,571;101,705;1,6;11;3.171.755;11.542.409;120.411
feb-15;58,1;352.492;1,135;0,255;1,355;-1,1;91,589;91,566;4,1;8;3.283.003;11.448.554;115.582
mar-15;55,89;377.223;1,0838;0,212;0,912;-0,7;102,915;102,473;10;10;4.152.918;14.374.136;137.439
abr-15;59,52;442.048;1,0779;0,18;0,78;-0,6;106,37;106,534;-8,1;10;5.403.220;16.807.969;157.542
may-15;64,08;502.793;1,115;0,165;0,365;-0,2;109,074;109,902;5,4;12;6.509.512;18.718.653;175.916
jun-15;61,48;513.919;1,1213;0,163;0,063;0,1;100,086;99,506;4,7;9;6.680.003;20.161.382;182.278
jul-15;56,56;542.039;1,0996;0,167;0,067;0,1;106,823;106,797;5,2;8;8.801.648;23.105.396;200.540
ago-15;46,52;559.603;1,1139;0,161;0,561;-0,4;111,789;112,264;-30;10;9.266.797;24.001.019;199.464
sep-15;47,62;575.938;1,1221;0,154;1,054;-0,9;99,564;99,8;33,3;8;7.184.760;21.025.290;179.157
oct-15;48,43;478.263;1,1235;0,128;0,828;-0,7;110,863;109,995;-1,5;10;6.432.341;19.122.326;167.637
nov-15;44,27;415.314;1,0736;0,079;0,379;-0,3;101,445;101,998;-1,1;10;3.754.802;13.758.176;135.441
dic-15;38,01;380.374;1,0877;0,059;0,059;0;111,32;110,487;-8,3;10;3.512.914;13.348.831;131.287
ene-16;30,7;387.166;1,086;0,042;0,342;-0,3;100,917;101,747;1,3;12;3.526.537;12.959.573;127.284
feb-16;32,18;359.238;1,1093;-0,008;0,792;-0,8;103,695;103,619;7,7;8;3.678.726;13.312.743;127.826
mar-16;38,21;414.516;1,11;-0,012;0,788;-0,8;108,79;108,941;2,2;10;4.627.206;16.469.834;151.745
abr-16;41,58;449.878;1,1339;-0,01;1,09;-1,1;105,288;104,505;1,3;9;6.086.327;18.001.498;164.805
may-16;46,74;520.233;1,1311;-0,013;0,987;-1;101,71;101,759;-1,3;10;7.111.154;20.830.981;185.604
jun-16;48,25;559.743;1,1229;-0,028;0,772;-0,8;97,349;97,024;1,3;8;7.552.758;22.325.255;195.653
jul-16;44,95;610.785;1,1069;-0,056;0,544;-0,6;110,616;111,444;-2,1;11;9.545.792;25.684.739;216.905
ago-16;45,84;616.961;1,1212;-0,048;0,052;-0,1;114,32;114,502;-19,6;9;10.027.471;25.832.010;214.688
sep-16;46,57;563.120;1,1212;-0,057;-0,257;0,2;107,788;106,998;27;8;7.932.607;23.201.478;195.348
oct-16;49,52;541.457;1,1026;-0,069;-0,769;0,7;116,317;116,79;-3,5;11;7.137.723;21.461.145;182.320
nov-16;44,73;430.716;1,0799;-0,074;-0,774;0,7;115,312;115,543;4,9;10;4.098.262;15.216.497;144.140
dic-16;53,31;439.672;1,0543;-0,08;-1,68;1,6;116,297;115,428;-12,6;12;3.990.446;15.039.690;139.994
ene-17;54,58;442.405;1,0614;-0,094;-3,094;3;111,89;111,936;8,4;10;3.905.736;14.260.123;138.243
feb-17;54,87;389.519;1,0643;-0,106;-3,106;3;95,06;95,036;-0,6;8;4.119.137;14.002.100;131.147
mar-17;51,59;454.577;1,0685;-0,11;-2,41;2,3;112,346;111,336;13,2;9;4.913.943;17.220.610;158.370
abr-17;52,31;519.807;1,0723;-0,119;-2,719;2,6;115,291;116,798;-17,4;12;7.081.594;21.037.966;180.197
may-17;50,33;557.263;1,1058;-0,127;-2,027;1,9;109,979;110,162;17,6;11;8.002.648;22.396.429;197.229
jun-17;46,37;590.969;1,1229;-0,149;-1,649;1,5;110,297;109,505;-0,4;8;8.431.975;24.513.903;207.167
jul-17;48,48;659.567;1,1511;-0,154;-1,654;1,5;115,117;115,591;-3,6;10;10.493.438;27.584.028;227.078
ago-17;51,7;652.799;1,1807;-0,156;-1,756;1,6;120,002;119,167;-19,7;9;10.397.745;27.441.719;221.899
sep-17;56,15;618.691;1,1915;-0,168;-1,968;1,8;114,342;114,54;24;9;8.877.270;25.094.731;207.255
oct-17;57,51;593.371;1,1756;-0,18;-1,78;1,6;109,836;109,883;2,8;10;7.269.931;22.854.237;198.119
nov-17;62,71;459.713;1,1738;-0,189;-1,889;1,7;106,505;106,177;2,9;10;4.392.575;16.587.195;158.023
dic-17;64,37;473.156;1,1836;-0,19;-1,29;1,1;121,944;122,769;-13,9;13;3.982.530;16.374.224;151.166
ene-18;69,08;448.173;1,22;-0,189;-0,789;0,6;120,285;120,465;8,5;9;4.106.601;15.503.359;147.751
feb-18;65,32;430.394;1,2348;-0,191;-1,291;1,1;104,076;104,05;-1,2;8;4.218.047;15.290.516;142.063
mar-18;66,02;495.313;1,2336;-0,191;-1,391;1,2;113,351;112,975;6,2;11;5.393.186;19.111.811;167.470
abr-18;72,11;535.853;1,2276;-0,19;-1,29;1,1;115,788;115,846;-4,7;9;6.780.378;21.642.235;189.832
may-18;76,98;583.368;1,1812;-0,188;-2,288;2,1;120,688;119,852;7,1;11;8.086.048;23.817.389;207.990
jun-18;74,41;625.777;1,1678;-0,181;-2,481;2,3;101,993;102,194;-3,7;9;8.554.306;25.756.366;219.410
jul-18;74,25;677.049;1,1686;-0,18;-2,38;2,2;113,052;113,099;2;9;10.020.246;28.460.461;236.967
ago-18;72,53;676.800;1,1549;-0,169;-2,369;2,2;121,665;121,635;-21,7;9;10.175.761;28.360.039;231.741
sep-18;78,89;632.351;1,1659;-0,166;-2,466;2,3;106,507;107,033;19,1;10;8.932.308;26.254.314;220.846
oct-18;81,03;620.388;1,1484;-0,154;-2,454;2,3;123,067;123,246;9,9;9;7.649.860;24.337.653;208.748
nov-18;64,75;491.433;1,1367;-0,147;-1,847;1,7;117,282;116,489;-4;10;4.536.873;17.725.576;165.704
dic-18;57,36;470.499;1,1384;-0,129;-1,329;1,2;124,492;124,964;-14,7;12;4.354.798;17.611.095;164.110
ene-19;59,41;477.804;1,1416;-0,116;-1,116;1;116,761;115,926;15,7;10;4.195.641;16.589.525;159.807
feb-19;63,96;435.592;1,1351;-0,108;-1,208;1,1;97,027;97,003;-3,2;8;4.380.504;16.265.632;154.556
mar-19;66,14;527.303;1,1302;-0,109;-1,409;1,3;116,667;116,51;5,9;10;5.649.577;19.974.043;177.556
abr-19;71,23;559.619;1,1238;-0,112;-1,612;1,5;115,053;115,454;-6,4;10;7.146.033;23.216.424;194.807
may-19;71,32;606.810;1,1185;-0,134;-0,934;0,8;115,724;115,696;11;11;7.919.204;24.636.936;214.497
jun-19;64,22;633.765;1,1293;-0,19;-0,59;0,4;106,169;106,695;-7;10;8.833.893;27.289.389;226.357
jul-19;63,92;698.443;1,1218;-0,283;-0,783;0,5;112,499;112,681;7,7;8;9.873.270;29.428.120;241.739
ago-19;59,04;690.233;1,1126;-0,356;-0,656;0,3;123,326;122,455;-25,1;10;10.118.366;29.498.445;235.573
sep-19;62,83;657.303;1,1004;-0,339;-0,439;0,1;112,037;112,588;23,8;9;8.845.152;27.149.255;222.699
oct-19;59,71;617.099;1,1053;-0,304;-0,404;0,1;109,668;108,835;7,7;8;7.587.749;24.706.155;210.995
nov-19;63,21;500.122;1,1051;-0,272;-0,672;0,4;102,312;102,513;-5,5;10;4.655.021;18.354.078;165.474
dic-19;67,31;516.304;1,1113;-0,261;-1,061;0,8;116,906;116,951;-12,3;12;4.304.741;18.255.342;163.488
ene-20;63,65;474.865;1,11;-0,253;-1,353;1,1;108,834;108,808;8,3;10;4.133.024;16.989.623;157.733
feb-20;55,66;454.025;1,0905;-0,288;-0,988;0,7;99,365;99,264;0,7;9;4.427.344;16.912.397;160.177
mar-20;32,01;416.252;1,1063;-0,266;-0,266;0;105,81;104,875;-6,5;9;4.860.877;17.531.557;156.579
abr-20;18,38;448.745;1,0862;-0,108;0,592;-0,7;82,997;83,658;-29,9;10;6.382.381;20.417.613;177.595
may-20;29,38;479.168;1,0902;-0,081;0,819;-0,9;84,765;85,599;21,3;12;7.400.969;22.262.344;194.233
jun-20;40,27;495.701;1,1255;-0,147;0,153;-0,3;83,631;83,056;16,2;8;7.792.556;23.989.788;201.155
jul-20;43,24;542.038;1,1463;-0,279;0,321;-0,6;90,406;90,384;12,2;8;9.074.781;25.832.154;216.573
ago-20;44,74;548.767;1,1828;-0,359;0,141;-0,5;98,554;99,032;-24,8;10;9.351.110;26.331.892;213.433
sep-20;40,91;514.340;1,1792;-0,415;-0,015;-0,4;92,811;93,048;30,8;8;7.848.576;23.854.985;198.431
oct-20;40,19;495.285;1,1775;-0,466;0,334;-0,8;92,562;91,699;1,6;10;7.021.404;22.275.465;190.020
nov-20;42,69;410.820;1,1838;-0,481;0,319;-0,8;98,264;98,818;-1,4;11;4.269.656;16.386.064;151.062
dic-20;49,99;427.078;1,217;-0,497;0,003;-0,5;96,905;96,075;-8,4;11;3.890.262;15.696.115;144.500
ene-21;54,77;386.695;1,2171;-0,505;-1,005;0,5;87,473;88,306;-0,3;12;3.700.998;14.372.477;138.870
feb-21;62,28;369.176;1,2098;-0,501;-0,501;0;85,324;85,302;3,6;8;3.902.627;14.433.741;128.167
mar-21;65,41;416.252;1,1899;-0,487;-1,787;1,3;94,368;94,309;11,7;9;4.860.877;17.531.557;156.579
abr-21;64,81;448.745;1,1979;-0,484;-2,684;2,2;97,301;96,759;-9,2;10;6.382.381;20.417.613;177.595
may-21;68,53;479.168;1,2146;-0,481;-3,181;2,7;97,282;97,76;3,3;11;7.400.969;22.262.344;194.233
jun-21;73,16;495.701;1,2047;-0,484;-3,184;2,7;90,505;90,742;0,8;8;7.792.556;23.989.788;201.155
jul-21;75,17;394.651;1,1822;-0,491;-3,391;2,9;108,518;107,652;1,5;9;4.398.992;15.145.739;183.878
ago-21;70,75;426.636;1,1772;-0,498;-3,798;3,3;110,79;110,837;-22,2;9;5.196.520;18.019.670;189.653
sep-21;74,49;397.166;1,177;-0,492;-4,492;4;104,612;104,284;28,1;8;4.703.933;16.323.356;172.485
oct-21;83,54;432.234;1,1601;-0,477;-5,877;5,4;106,811;107,64;-2,7;11;5.148.820;17.262.087;173.552
nov-21;81,05;376.759;1,1414;-0,487;-5,987;5,5;107,019;106,438;7,1;10;3.361.913;13.445.256;140.173
dic-21;74,17;393.762;1,1304;-0,502;-7,002;6,5;109,997;109,971;-10;10;2.947.525;12.723.629;142.227
ene-22;86,51;350.252;1,1314;-0,477;-6,577;6,1;106,601;107,077;-0,4;11;2.501.443;10.405.093;132.564
feb-22;97,13;329.007;1,1342;-0,335;-7,935;7,6;94,729;94,705;4;8;3.179.288;11.911.581;130.569
mar-22;117,25;409.552;1,1019;-0,237;-10,037;9,8;97,231;95,418;7,6;8;4.039.532;15.592.091;153.107
abr-22;104,58;494.962;1,0819;0,013;-8,287;8,3;104,626;105,809;-9,2;11;6.106.316;20.467.702;189.424
may-22;113,34;530.014;1,0579;0,287;-8,413;8,7;111,171;111,218;10,9;11;6.988.353;22.271.764;210.015
jun-22;122,71;540.576;1,0566;0,852;-9,348;10,2;112,247;111,917;0,1;8;7.498.156;24.339.054;212.718
jul-22;111,93;607.844;1,0179;0,992;-9,808;10,8;113,974;114,801;-3,4;11;9.091.390;27.090.454;231.526
ago-22;100,45;596.040;1,0128;1,249;-9,251;10,5;105,07;105,254;-19,1;9;8.848.665;27.325.373;224.099
sep-22;89,76;554.646;0,9904;2,233;-6,667;8,9;101,205;100,416;26,3;8;7.767.211;24.899.462;209.717
oct-22;93,33;546.259;0,9826;2,629;-4,671;7,3;94,159;94,639;-4,4;11;7.176.984;23.996.528;209.462
nov-22;91,42;449.569;1,0201;2,828;-3,972;6,8;91,718;91,956;3,9;10;4.334.651;17.624.183;163.049
dic-22;80,92;462.195;1,0589;3,018;-2,682;5,7;113,958;113,09;-12,7;12;4.127.293;17.908.145;158.882
ene-23;82,5;443.011;1,0769;3,337;-2,563;5,9;107,355;107,403;4,5;10;4.134.995;16.941.516;157.017
feb-23;82,59;410.156;1,0715;3,534;-2,466;6;91,223;91,2;2,1;8;4.320.665;16.633.497;154.731
mar-23;78,43;491.713;1,0706;3,647;0,347;3,3;96,718;95,711;13,8;9;5.247.341;20.108.670;181.297
abr-23;84,64;544.616;1,0968;3,757;-0,343;4,1;101,571;103,082;-18;12;7.228.094;23.843.170;204.821
may-23;75,47;566.122;1,0868;3,862;0,662;3,2;101,075;101,26;16,1;11;8.300.384;25.502.842;215.719
jun-23;74,84;585.550;1,084;4,007;2,107;1,9;99,076;98,288;-1,3;8;8.307.460;26.537.567;220.551
jul-23;80,11;648.495;1,1058;4,149;1,849;2,3;105,921;106,397;-3,5;10;10.116.916;29.800.783;242.929
ago-23;86,15;660.306;1,0909;4,073;1,473;2,6;111,344;110,51;-20,8;9;10.186.163;29.928.980;236.666
sep-23;93,72;613.394;1,0684;4,149;0,649;3,5;104,984;105,184;26;9;8.795.425;27.583.504;225.952
oct-23;90,6;616.710;1,0563;4,16;0,66;3,5;99,822;99,872;1;10;8.187.022;26.643.609;220.283
nov-23;82,94;518.955;1,0808;4,022;0,822;3,2;98,212;97,886;3,7;10;5.135.498;19.754.697;174.911
dic-23;77,63;543.687;1,0903;3,679;0,579;3,1;109,751;110,579;-17,3;13;5.209.085;20.200.577;176.944
ene-24;80,12;501.421;1,0905;3,609;0,209;3,4;115,264;115,445;14,2;9;4.775.549;18.677.668;166.541
feb-24;83,48;483.386;1,0795;3,671;0,871;2,8;102,198;101,106;2,5;8;5.013.497;19.237.856;168.056
mar-24;85,41;541.352;1,0872;3,718;0,518;3,2;98,925;100,493;-4;12;6.350.471;22.872.607;192.105
abr-24;89,94;600.282;1,0728;3,703;0,403;3,3;103,078;101,761;4,4;8;7.783.750;25.693.670;222.228
may-24;81,75;646.854;1,0812;3,68;0,08;3,6;110,754;110,727;3,5;11;9.255.985;28.312.921;239.375
jun-24;82,25;665.954;1,0759;3,65;0,25;3,4;100,794;101,321;-5,5;10;9.299.574;29.477.169;240.955
jul-24;85,15;722.752;1,0844;3,526;0,726;2,8;110,351;110,534;5,4;9;10.852.347;31.937.071;261.098
ago-24;80,36;726.090;1,1012;3,166;0,866;2,3;113,034;112,166;-27,1;10;10.929.584;32.153.142;255.082
sep-24;74,02;687.640;1,1106;2,936;1,436;1,5;101,025;101,579;31,2;9;9.602.015;29.678.922;240.694
oct-24;75,63;670.203;1,0904;2,691;0,891;1,8;103,522;102,691;7,3;8;8.961.932;28.274.114;232.025
nov-24;74,35;568.784;1,063;2,506;0,106;2,4;98,162;98,364;-5,9;10;5.670.219;21.573.006;193.863
dic-24;73,86;574.607;1,0479;2,436;-0,364;2,8;111,664;111,71;-10,6;11;5.264.375;21.716.378;189.544
ene-25;79,27;536.957;1,0354;2,525;-0,375;2,9;102,004;101,979;8;10;5.065.094;19.811.958;175.265
feb-25;75,44;506.020;1,0413;2,407;-0,593;3;94,347;94,324;1,5;8;5.397.279;20.003.821;179.790
mar-25;72,73;578.954;1,0807;2,398;0,098;2,3;105,777;105,269;6,3;10;6.593.604;23.834.125;202.896
abr-25;68,13;623.924;1,1214;2,143;-0,057;2,2;90,516;91,737;-9;10;8.568.142;27.305.462;228.104
may-25;64,45;663.986;1,1278;2,081;0,081;2;94,402;93,539;8,6;12;9.395.612;29.259.556;248.721
jun-25;71,44;693.972;1,1516;2,081;-0,219;2,3;99,884;100,438;-0,1;9;9.476.248;30.522.450;252.552
jul-25;71,04;762.030;1,1677;2,079;-0,621;2,7;112,515;111,681;3,3;9;11.023.252;32.806.717;269.199
ago-25;67,87;758.009;1,1631;2,114;-0,586;2,7;112,828;113,655;-28,7;11;11.251.632;33.372.627;263091
sep-25;67,99;708.652;1,1732;2,172;-0,828;3;113,151;112,569;36,7;8;9.681.517;30.445.768;251.213
oct-25;64,54;716.362;1,163;2,187;-0,913;3,1;112,847;112,819;4,3;8;9.244.934;29.526.792;246.560
nov-25;63,8;591.310;1,156;2,217;-0,783;3;104,189;104,716;-5,7;11;5.786.804;22.556.971;198.935
dic-25;62,54;;1,1709;2,267;-0,633;2,9;;;;10;;;
